,rxn_id,Unnamed: 0,Substrate,SMILES,Set,GFN2,GFNFF,GFN2_GFNFF,GFN1_GFNFF,GFN1,DFT_Barrier,rxn_smile,s_rad,q_rad,Buried_Vol,BDFE,fr_BDE
0,0,24,camphor5exo,C[C@@]1(C2(C)C)C(C[C@H]2[CH]C1)=O.C[C@@]1(C2(C)C)C(C[C@H]2CC1)=O,Validation,131.17,101.28,131.96,144.97,144.33,14.76,CC1(C)[C@@H]2[CH]C[C@@]1(C)C(=O)C2.CC1(C)[C@@H]2CC[C@@]1(C)C(=O)C2,1.0363193,-0.30436602,0.4872612344587833,87.45514611540553,131.62590438275046
1,1,25,norcamphor3exo,O=C1[CH][C@H]2CC[C@@H]1C2.O=C1C[C@H]2CC[C@@H]1C2,Validation,126.25,66.43,127.72,141.26,140.45,14.07,O=C1[CH][C@H]2CC[C@@H]1C2.O=C1C[C@H]2CC[C@@H]1C2,0.81052387,-0.24323961,0.47391115563269226,85.17787040874548,127.64119902686667
2,2,26,norcamphor5exo,O=C1C[C@H]2[CH]C[C@@H]1C2.O=C1C[C@H]2CC[C@@H]1C2,Validation,132.04,101.79,133.02,145.94,145.11,13.96,O=C1C[C@H]2[CH]C[C@@H]1C2.O=C1C[C@H]2CC[C@@H]1C2,0.9973227,-0.25646168,0.44712300420447587,88.89943706025835,132.6938694643511
3,3,27,norcamphor6exo,O=C1C[C@H]2C[CH][C@@H]1C2.O=C1C[C@H]2CC[C@@H]1C2,Validation,128.29,102.02,130.23,143.71,142.16,12.73,O=C1C[C@H]2C[CH][C@@H]1C2.O=C1C[C@H]2CC[C@@H]1C2,0.97896117,-0.25028768,0.45783419682282617,88.40997942440967,131.9795476618587
4,4,28,Ralphapinene_4exo,CC1=C[CH][C@@H]2C[C@H]1C2(C)C.CC1=CC[C@@H]2C[C@H]1C2(C)C,Validation,123.91,71.23,123.7,136.41,136.92,10.85,CC1=C[CH][C@@H]2C[C@H]1C2(C)C.CC1=CC[C@@H]2C[C@H]1C2(C)C,0.6595148,-0.26076928,0.4891469127085257,73.50324320265418,122.37931932527358
5,5,29,Ralphapinene_2methyl,[CH2]C1=CC[C@@H]2C[C@H]1C2(C)C.CC1=CC[C@@H]2C[C@H]1C2(C)C,Validation,128.2,74.63,128.17,141.46,141.74,11.07,[CH2]C1=CC[C@@H]2C[C@H]1C2(C)C.CC1=CC[C@@H]2C[C@H]1C2(C)C,0.622679,-0.37111664,0.32114524259698357,78.85034943497669,129.0641724349724
