,rxn_id,Unnamed: 0,Substrate,SMILES,Set,GFN2,GFNFF,GFN2_GFNFF,GFN1_GFNFF,GFN1,DFT_Barrier,rxn_smile,mol1_hidden,rad2_hidden,rad_atom2_hidden
0,0,24,camphor5exo,C[C@@]1(C2(C)C)C(C[C@H]2[CH]C1)=O.C[C@@]1(C2(C)C)C(C[C@H]2CC1)=O,Validation,131.17,101.28,131.96,144.97,144.33,14.76,CC1(C)[C@@H]2[CH]C[C@@]1(C)C(=O)C2.CC1(C)[C@@H]2CC[C@@]1(C)C(=O)C2,[0.00372909 0.00440529 0.         ... 0.         0.00043173 0.        ],[0.00534299 0.04384381 0.0004408  ... 0.         0.00841955 0.        ],[0. 0. 0. ... 0. 0. 0.]
1,1,25,norcamphor3exo,O=C1[CH][C@H]2CC[C@@H]1C2.O=C1C[C@H]2CC[C@@H]1C2,Validation,126.25,66.43,127.72,141.26,140.45,14.07,O=C1[CH][C@H]2CC[C@@H]1C2.O=C1C[C@H]2CC[C@@H]1C2,[0.         0.00835275 0.         ... 0.         0.00356579 0.00049628],[0.         0.06056162 0.00664489 ... 0.         0.00998405 0.00093961],[0.         0.         0.         ... 0.         0.01958781 0.01597338]
2,2,26,norcamphor5exo,O=C1C[C@H]2[CH]C[C@@H]1C2.O=C1C[C@H]2CC[C@@H]1C2,Validation,132.04,101.79,133.02,145.94,145.11,13.96,O=C1C[C@H]2[CH]C[C@@H]1C2.O=C1C[C@H]2CC[C@@H]1C2,[0.         0.00835275 0.         ... 0.         0.00356579 0.00049628],[0.00258408 0.06537421 0.00614484 ... 0.         0.0060007  0.        ],[0. 0. 0. ... 0. 0. 0.]
3,3,27,norcamphor6exo,O=C1C[C@H]2C[CH][C@@H]1C2.O=C1C[C@H]2CC[C@@H]1C2,Validation,128.29,102.02,130.23,143.71,142.16,12.73,O=C1C[C@H]2C[CH][C@@H]1C2.O=C1C[C@H]2CC[C@@H]1C2,[0.         0.00835275 0.         ... 0.         0.00356579 0.00049628],[0.         0.06742897 0.0077864  ... 0.         0.01899525 0.00441324],[0.         0.         0.         ... 0.         0.05493458 0.        ]
4,4,28,Ralphapinene_4exo,CC1=C[CH][C@@H]2C[C@H]1C2(C)C.CC1=CC[C@@H]2C[C@H]1C2(C)C,Validation,123.91,71.23,123.7,136.41,136.92,10.85,CC1=C[CH][C@@H]2C[C@H]1C2(C)C.CC1=CC[C@@H]2C[C@H]1C2(C)C,[0.         0.00771599 0.         ... 0.         0.         0.00438386],[0.00036954 0.02448439 0.00179112 ... 0.         0.00407606 0.00557482],[0.         0.         0.         ... 0.         0.         0.09227482]
5,5,29,Ralphapinene_2methyl,[CH2]C1=CC[C@@H]2C[C@H]1C2(C)C.CC1=CC[C@@H]2C[C@H]1C2(C)C,Validation,128.2,74.63,128.17,141.46,141.74,11.07,[CH2]C1=CC[C@@H]2C[C@H]1C2(C)C.CC1=CC[C@@H]2C[C@H]1C2(C)C,[0.         0.00771599 0.         ... 0.         0.         0.00438386],[0.         0.03300354 0.         ... 0.         0.00580595 0.02045334],[0.         0.         0.         ... 0.         0.0242609  0.07157078]
