,rxn_id,Unnamed: 0,Substrate,SMILES,Set,GFN2,GFNFF,GFN2_GFNFF,GFN1_GFNFF,GFN1,DFT_Barrier,rxn_smile,s_rad,q_rad,Buried_Vol,BDFE,fr_BDE
0,0,24,camphor5exo,C[C@@]1(C2(C)C)C(C[C@H]2[CH]C1)=O.C[C@@]1(C2(C)C)C(C[C@H]2CC1)=O,Validation,131.17,101.28,131.96,144.97,144.33,14.76,CC1(C)[C@@H]2[CH]C[C@@]1(C)C(=O)C2.CC1(C)[C@@H]2CC[C@@]1(C)C(=O)C2,1.0423535,-0.28925863,0.49721306469280957,86.35830726309221,129.8760471246703
1,1,25,norcamphor3exo,O=C1[CH][C@H]2CC[C@@H]1C2.O=C1C[C@H]2CC[C@@H]1C2,Validation,126.25,66.43,127.72,141.26,140.45,14.07,O=C1[CH][C@H]2CC[C@@H]1C2.O=C1C[C@H]2CC[C@@H]1C2,0.80721,-0.24100922,0.48440701034698463,83.29871167674497,128.72487265389526
2,2,26,norcamphor5exo,O=C1C[C@H]2[CH]C[C@@H]1C2.O=C1C[C@H]2CC[C@@H]1C2,Validation,132.04,101.79,133.02,145.94,145.11,13.96,O=C1C[C@H]2[CH]C[C@@H]1C2.O=C1C[C@H]2CC[C@@H]1C2,1.0039908,-0.25637928,0.45469096040398355,87.4429526366971,132.2450148793411
3,3,27,norcamphor6exo,O=C1C[C@H]2C[CH][C@@H]1C2.O=C1C[C@H]2CC[C@@H]1C2,Validation,128.29,102.02,130.23,143.71,142.16,12.73,O=C1C[C@H]2C[CH][C@@H]1C2.O=C1C[C@H]2CC[C@@H]1C2,1.0016367,-0.25085443,0.45866775857935094,88.57339559731572,131.9993903508313
4,4,28,Ralphapinene_4exo,CC1=C[CH][C@@H]2C[C@H]1C2(C)C.CC1=CC[C@@H]2C[C@H]1C2(C)C,Validation,123.91,71.23,123.7,136.41,136.92,10.85,CC1=C[CH][C@@H]2C[C@H]1C2(C)C.CC1=CC[C@@H]2C[C@H]1C2(C)C,0.6625126,-0.28404778,0.49534677679533873,74.53556278752782,123.18674786059329
5,5,29,Ralphapinene_2methyl,[CH2]C1=CC[C@@H]2C[C@H]1C2(C)C.CC1=CC[C@@H]2C[C@H]1C2(C)C,Validation,128.2,74.63,128.17,141.46,141.74,11.07,[CH2]C1=CC[C@@H]2C[C@H]1C2(C)C.CC1=CC[C@@H]2C[C@H]1C2(C)C,0.58709157,-0.3647936,0.3233090204958383,78.56732800365111,130.1589959491444
