,rxn_id,Unnamed: 0,Substrate,SMILES,Set,GFN2,GFNFF,GFN2_GFNFF,GFN1_GFNFF,GFN1,DFT_Barrier,rxn_smile,s_rad,q_rad,Buried_Vol,BDFE,fr_BDE
0,0,24,camphor5exo,C[C@@]1(C2(C)C)C(C[C@H]2[CH]C1)=O.C[C@@]1(C2(C)C)C(C[C@H]2CC1)=O,Validation,131.17,101.28,131.96,144.97,144.33,14.76,CC1(C)[C@@H]2[CH]C[C@@]1(C)C(=O)C2.CC1(C)[C@@H]2CC[C@@]1(C)C(=O)C2,1.0252773,-0.29589924,0.4906910370515204,87.46833976646619,132.331840894091
1,1,25,norcamphor3exo,O=C1[CH][C@H]2CC[C@@H]1C2.O=C1C[C@H]2CC[C@@H]1C2,Validation,126.25,66.43,127.72,141.26,140.45,14.07,O=C1[CH][C@H]2CC[C@@H]1C2.O=C1C[C@H]2CC[C@@H]1C2,0.82445765,-0.24246417,0.48249561977527833,83.4435305334529,129.0759688445642
2,2,26,norcamphor5exo,O=C1C[C@H]2[CH]C[C@@H]1C2.O=C1C[C@H]2CC[C@@H]1C2,Validation,132.04,101.79,133.02,145.94,145.11,13.96,O=C1C[C@H]2[CH]C[C@@H]1C2.O=C1C[C@H]2CC[C@@H]1C2,1.003534,-0.2492571,0.4561004245586218,87.36973707573748,132.74614327938866
3,3,27,norcamphor6exo,O=C1C[C@H]2C[CH][C@@H]1C2.O=C1C[C@H]2CC[C@@H]1C2,Validation,128.29,102.02,130.23,143.71,142.16,12.73,O=C1C[C@H]2C[CH][C@@H]1C2.O=C1C[C@H]2CC[C@@H]1C2,0.987101,-0.23927774,0.4604101649117039,87.68873947080057,130.95055393341107
4,4,28,Ralphapinene_4exo,CC1=C[CH][C@@H]2C[C@H]1C2(C)C.CC1=CC[C@@H]2C[C@H]1C2(C)C,Validation,123.91,71.23,123.7,136.41,136.92,10.85,CC1=C[CH][C@@H]2C[C@H]1C2(C)C.CC1=CC[C@@H]2C[C@H]1C2(C)C,0.64270985,-0.26375946,0.5008264054586615,74.3569612954307,123.92048333716214
5,5,29,Ralphapinene_2methyl,[CH2]C1=CC[C@@H]2C[C@H]1C2(C)C.CC1=CC[C@@H]2C[C@H]1C2(C)C,Validation,128.2,74.63,128.17,141.46,141.74,11.07,[CH2]C1=CC[C@@H]2C[C@H]1C2(C)C.CC1=CC[C@@H]2C[C@H]1C2(C)C,0.65981334,-0.36205098,0.32893439373739974,79.90326115929672,131.8319965386277
